{
  "num_samples": 17000,
  "recall@5": {
    "text_to_image": 0.3245294117647059,
    "image_to_text": 0.3230588235294118
  },
  "recall@10": {
    "text_to_image": 0.4244705882352941,
    "image_to_text": 0.4321764705882353
  }
}